{
    "servo_pid": {
      "ff": 0.000001,
      "kp": 0.000001,
      "ki": 0.0,
      "kd": 0.0002
    },
    "throttle_pid": {
      "ff": 0.001,
      "kp": 0.001,
      "ki": 0.0,
      "kd": 0.0002
    },
    "servo_trim": {
      "min1": 1200,
      "max1": 1785,
      "min2": 1000,
      "max2": 2000
    }
  }
  